docId,filename,top topics, and contribution to doc ...
1,C:\Users\Scott Kleinman\Desktop\EMECorpus\SecondModel\2000_word_chunks\AncreneWisse10_18001-20000.txt,26,0.230,12,0.180,44,0.174,10,0.131,27,0.096,3,0.073
2,C:\Users\Scott Kleinman\Desktop\EMECorpus\SecondModel\2000_word_chunks\AncreneWisse11_20001-22000.txt,44,0.246,12,0.245,26,0.144,27,0.104,10,0.054
3,C:\Users\Scott Kleinman\Desktop\EMECorpus\SecondModel\2000_word_chunks\AncreneWisse12_22001-24000.txt,12,0.373,26,0.221,27,0.207
4,C:\Users\Scott Kleinman\Desktop\EMECorpus\SecondModel\2000_word_chunks\AncreneWisse13_24001-26000.txt,12,0.284,27,0.215,26,0.186,10,0.061
5,C:\Users\Scott Kleinman\Desktop\EMECorpus\SecondModel\2000_word_chunks\AncreneWisse14_26001-28000.txt,44,0.229,26,0.226,3,0.121,10,0.120,27,0.116,12,0.072
6,C:\Users\Scott Kleinman\Desktop\EMECorpus\SecondModel\2000_word_chunks\AncreneWisse15_28001-30000.txt,44,0.281,26,0.197,12,0.134,27,0.102,10,0.085
7,C:\Users\Scott Kleinman\Desktop\EMECorpus\SecondModel\2000_word_chunks\AncreneWisse16_30001-32000.txt,12,0.257,26,0.204,27,0.137,10,0.135,44,0.074
8,C:\Users\Scott Kleinman\Desktop\EMECorpus\SecondModel\2000_word_chunks\AncreneWisse17_32001-34000.txt,12,0.224,26,0.215,27,0.178,3,0.131,10,0.088
9,C:\Users\Scott Kleinman\Desktop\EMECorpus\SecondModel\2000_word_chunks\AncreneWisse18_34001-36000.txt,26,0.340,12,0.176,44,0.115,10,0.103,3,0.069,27,0.061
10,C:\Users\Scott Kleinman\Desktop\EMECorpus\SecondModel\2000_word_chunks\AncreneWisse19_36001-38000.txt,26,0.268,10,0.138,27,0.130,12,0.123,3,0.090
11,C:\Users\Scott Kleinman\Desktop\EMECorpus\SecondModel\2000_word_chunks\AncreneWisse1_1-2000.txt,3,0.577,12,0.112,26,0.106,27,0.083
12,C:\Users\Scott Kleinman\Desktop\EMECorpus\SecondModel\2000_word_chunks\AncreneWisse20_38001-40000.txt,27,0.190,26,0.179,10,0.178,12,0.153,44,0.090,3,0.074
13,C:\Users\Scott Kleinman\Desktop\EMECorpus\SecondModel\2000_word_chunks\AncreneWisse21_40001-42000.txt,10,0.246,12,0.201,26,0.163,27,0.155,3,0.066
14,C:\Users\Scott Kleinman\Desktop\EMECorpus\SecondModel\2000_word_chunks\AncreneWisse22_42001-44000.txt,26,0.398,27,0.140,10,0.117,12,0.087,3,0.062
15,C:\Users\Scott Kleinman\Desktop\EMECorpus\SecondModel\2000_word_chunks\AncreneWisse23_44001-46000.txt,26,0.250,12,0.178,3,0.126,27,0.124,10,0.106
16,C:\Users\Scott Kleinman\Desktop\EMECorpus\SecondModel\2000_word_chunks\AncreneWisse24_46001-48000.txt,26,0.235,12,0.174,27,0.125,3,0.121,10,0.106,44,0.079,25,0.051
17,C:\Users\Scott Kleinman\Desktop\EMECorpus\SecondModel\2000_word_chunks\AncreneWisse25_48001-50000.txt,26,0.314,27,0.193,3,0.162,12,0.096,10,0.069
18,C:\Users\Scott Kleinman\Desktop\EMECorpus\SecondModel\2000_word_chunks\AncreneWisse26_50001-52000.txt,27,0.471,12,0.184,26,0.139,10,0.050
19,C:\Users\Scott Kleinman\Desktop\EMECorpus\SecondModel\2000_word_chunks\AncreneWisse27_52001-54000.txt,12,0.275,26,0.244,27,0.216,10,0.076
20,C:\Users\Scott Kleinman\Desktop\EMECorpus\SecondModel\2000_word_chunks\AncreneWisse28_54001-56000.txt,12,0.428,27,0.203,26,0.153,10,0.060
21,C:\Users\Scott Kleinman\Desktop\EMECorpus\SecondModel\2000_word_chunks\AncreneWisse29_56001-58000.txt,12,0.318,10,0.215,27,0.160,26,0.110
22,C:\Users\Scott Kleinman\Desktop\EMECorpus\SecondModel\2000_word_chunks\AncreneWisse2_2001-4000.txt,3,0.413,27,0.181,26,0.154,12,0.074
23,C:\Users\Scott Kleinman\Desktop\EMECorpus\SecondModel\2000_word_chunks\AncreneWisse30_58001-60000.txt,12,0.389,26,0.148,27,0.130,3,0.103,10,0.080
24,C:\Users\Scott Kleinman\Desktop\EMECorpus\SecondModel\2000_word_chunks\AncreneWisse31_60001-62000.txt,26,0.279,3,0.158,10,0.140,12,0.122,27,0.105
25,C:\Users\Scott Kleinman\Desktop\EMECorpus\SecondModel\2000_word_chunks\AncreneWisse32_62001-63245.txt,26,0.241,12,0.193,27,0.143,3,0.116,10,0.075,44,0.050
26,C:\Users\Scott Kleinman\Desktop\EMECorpus\SecondModel\2000_word_chunks\AncreneWisse3_4001-6000.txt,26,0.176,12,0.129,27,0.122,25,0.110,10,0.080,5,0.071,44,0.059
27,C:\Users\Scott Kleinman\Desktop\EMECorpus\SecondModel\2000_word_chunks\AncreneWisse4_6001-8000.txt,26,0.259,44,0.173,3,0.137,12,0.113,10,0.112
28,C:\Users\Scott Kleinman\Desktop\EMECorpus\SecondModel\2000_word_chunks\AncreneWisse5_8001-10000.txt,44,0.335,26,0.275,27,0.100,10,0.094,12,0.085
29,C:\Users\Scott Kleinman\Desktop\EMECorpus\SecondModel\2000_word_chunks\AncreneWisse6_10001-12000.txt,27,0.298,26,0.190,12,0.163,44,0.126,10,0.076
30,C:\Users\Scott Kleinman\Desktop\EMECorpus\SecondModel\2000_word_chunks\AncreneWisse7_12001-14000.txt,26,0.234,27,0.218,44,0.149,12,0.105,10,0.096,3,0.057
31,C:\Users\Scott Kleinman\Desktop\EMECorpus\SecondModel\2000_word_chunks\AncreneWisse8_14001-16000.txt,26,0.413,27,0.170,10,0.117,12,0.113
32,C:\Users\Scott Kleinman\Desktop\EMECorpus\SecondModel\2000_word_chunks\AncreneWisse9_16001-18000.txt,26,0.426,27,0.132,44,0.109,10,0.100,3,0.052
33,C:\Users\Scott Kleinman\Desktop\EMECorpus\SecondModel\2000_word_chunks\Bestiary1_1-2000.txt,45,0.623,16,0.087,28,0.054
34,C:\Users\Scott Kleinman\Desktop\EMECorpus\SecondModel\2000_word_chunks\Bestiary2_2001-4151.txt,45,0.592,16,0.070
35,C:\Users\Scott Kleinman\Desktop\EMECorpus\SecondModel\2000_word_chunks\BodyAndSoulL1_1-2000.txt,38,0.523,29,0.069,19,0.065,1,0.057
36,C:\Users\Scott Kleinman\Desktop\EMECorpus\SecondModel\2000_word_chunks\BodyAndSoulL2_2001-3086.txt,38,0.506,1,0.071,19,0.068
37,C:\Users\Scott Kleinman\Desktop\EMECorpus\SecondModel\2000_word_chunks\BrutC10_18001-20000.txt,6,0.193,23,0.154,14,0.099,50,0.098,33,0.089,37,0.083,17,0.070
38,C:\Users\Scott Kleinman\Desktop\EMECorpus\SecondModel\2000_word_chunks\BrutC11_20001-22000.txt,23,0.169,14,0.151,6,0.150,33,0.094,50,0.074,37,0.058
39,C:\Users\Scott Kleinman\Desktop\EMECorpus\SecondModel\2000_word_chunks\BrutC12_22001-24000.txt,14,0.266,23,0.264,37,0.088,50,0.055
40,C:\Users\Scott Kleinman\Desktop\EMECorpus\SecondModel\2000_word_chunks\BrutC13_24001-26000.txt,23,0.193,14,0.143,37,0.138,6,0.078,50,0.068,35,0.054,33,0.050
41,C:\Users\Scott Kleinman\Desktop\EMECorpus\SecondModel\2000_word_chunks\BrutC14_26001-28000.txt,23,0.139,6,0.139,50,0.135,14,0.090,33,0.089,32,0.080,37,0.069
42,C:\Users\Scott Kleinman\Desktop\EMECorpus\SecondModel\2000_word_chunks\BrutC15_28001-30000.txt,23,0.176,6,0.171,50,0.164,33,0.139,14,0.061,37,0.052
43,C:\Users\Scott Kleinman\Desktop\EMECorpus\SecondModel\2000_word_chunks\BrutC16_30001-32000.txt,23,0.197,50,0.150,14,0.132,33,0.122,6,0.098
44,C:\Users\Scott Kleinman\Desktop\EMECorpus\SecondModel\2000_word_chunks\BrutC17_32001-34000.txt,50,0.183,37,0.178,32,0.144,14,0.111,33,0.063,23,0.063,6,0.055
45,C:\Users\Scott Kleinman\Desktop\EMECorpus\SecondModel\2000_word_chunks\BrutC18_34001-36000.txt,50,0.176,37,0.175,14,0.087,23,0.072,32,0.059,6,0.056
46,C:\Users\Scott Kleinman\Desktop\EMECorpus\SecondModel\2000_word_chunks\BrutC19_36001-38000.txt,37,0.165,50,0.163,23,0.112,33,0.097,32,0.057,14,0.054
47,C:\Users\Scott Kleinman\Desktop\EMECorpus\SecondModel\2000_word_chunks\BrutC1_1-2000.txt,40,0.236,6,0.166,30,0.149,33,0.100,14,0.063
48,C:\Users\Scott Kleinman\Desktop\EMECorpus\SecondModel\2000_word_chunks\BrutC20_38001-40000.txt,50,0.224,23,0.176,33,0.090,37,0.088,14,0.088,6,0.064,2,0.050
49,C:\Users\Scott Kleinman\Desktop\EMECorpus\SecondModel\2000_word_chunks\BrutC21_40001-42000.txt,50,0.244,37,0.146,23,0.120,33,0.119,14,0.090,6,0.078
50,C:\Users\Scott Kleinman\Desktop\EMECorpus\SecondModel\2000_word_chunks\BrutC22_42001-44000.txt,14,0.174,50,0.162,33,0.139,39,0.099,6,0.099,23,0.057,37,0.052
51,C:\Users\Scott Kleinman\Desktop\EMECorpus\SecondModel\2000_word_chunks\BrutC23_44001-46000.txt,50,0.245,23,0.172,14,0.156,33,0.141,37,0.133
52,C:\Users\Scott Kleinman\Desktop\EMECorpus\SecondModel\2000_word_chunks\BrutC24_46001-48000.txt,50,0.218,23,0.184,33,0.138,14,0.104,37,0.067,39,0.051
53,C:\Users\Scott Kleinman\Desktop\EMECorpus\SecondModel\2000_word_chunks\BrutC25_48001-50000.txt,50,0.291,33,0.141,23,0.127,6,0.093,37,0.078,14,0.067,17,0.065
54,C:\Users\Scott Kleinman\Desktop\EMECorpus\SecondModel\2000_word_chunks\BrutC26_50001-52000.txt,50,0.304,33,0.172,37,0.140,23,0.085,14,0.075,34,0.062,6,0.052
55,C:\Users\Scott Kleinman\Desktop\EMECorpus\SecondModel\2000_word_chunks\BrutC27_52001-54000.txt,50,0.311,37,0.141,33,0.109,14,0.091,34,0.078,23,0.066
56,C:\Users\Scott Kleinman\Desktop\EMECorpus\SecondModel\2000_word_chunks\BrutC28_54001-56000.txt,50,0.307,37,0.153,23,0.086,33,0.080,6,0.064,18,0.060
57,C:\Users\Scott Kleinman\Desktop\EMECorpus\SecondModel\2000_word_chunks\BrutC29_56001-58000.txt,50,0.285,37,0.164,33,0.106,18,0.092,15,0.073,23,0.069
58,C:\Users\Scott Kleinman\Desktop\EMECorpus\SecondModel\2000_word_chunks\BrutC2_2001-4000.txt,30,0.206,37,0.161,14,0.125,23,0.062,33,0.053
59,C:\Users\Scott Kleinman\Desktop\EMECorpus\SecondModel\2000_word_chunks\BrutC30_58001-60000.txt,50,0.280,37,0.145,33,0.132,15,0.071,23,0.059,14,0.059
60,C:\Users\Scott Kleinman\Desktop\EMECorpus\SecondModel\2000_word_chunks\BrutC31_60001-62000.txt,50,0.244,37,0.129,33,0.118,23,0.098,17,0.092,15,0.078,18,0.052,6,0.052
61,C:\Users\Scott Kleinman\Desktop\EMECorpus\SecondModel\2000_word_chunks\BrutC32_62001-64000.txt,50,0.237,33,0.145,37,0.132,23,0.072,14,0.060,17,0.052
62,C:\Users\Scott Kleinman\Desktop\EMECorpus\SecondModel\2000_word_chunks\BrutC33_64001-66000.txt,37,0.225,50,0.208,33,0.114,14,0.091,23,0.069
63,C:\Users\Scott Kleinman\Desktop\EMECorpus\SecondModel\2000_word_chunks\BrutC34_66001-68000.txt,4,0.230,15,0.182,50,0.174,37,0.089,33,0.072
64,C:\Users\Scott Kleinman\Desktop\EMECorpus\SecondModel\2000_word_chunks\BrutC35_68001-70000.txt,37,0.219,50,0.162,23,0.090,35,0.075,33,0.074,14,0.074,15,0.066
65,C:\Users\Scott Kleinman\Desktop\EMECorpus\SecondModel\2000_word_chunks\BrutC36_70001-72000.txt,37,0.200,50,0.179,23,0.090,32,0.068,33,0.062,39,0.054,34,0.051
66,C:\Users\Scott Kleinman\Desktop\EMECorpus\SecondModel\2000_word_chunks\BrutC37_72001-74000.txt,15,0.245,50,0.165,37,0.163,33,0.067,23,0.054,14,0.052
67,C:\Users\Scott Kleinman\Desktop\EMECorpus\SecondModel\2000_word_chunks\BrutC38_74001-76000.txt,15,0.187,50,0.172,33,0.093,37,0.091,14,0.069,23,0.060
68,C:\Users\Scott Kleinman\Desktop\EMECorpus\SecondModel\2000_word_chunks\BrutC39_76001-78000.txt,37,0.205,50,0.151,23,0.112,15,0.104,33,0.103,34,0.064
69,C:\Users\Scott Kleinman\Desktop\EMECorpus\SecondModel\2000_word_chunks\BrutC3_4001-6000.txt,30,0.288,14,0.123,6,0.113,33,0.075,50,0.064
70,C:\Users\Scott Kleinman\Desktop\EMECorpus\SecondModel\2000_word_chunks\BrutC40_78001-80000.txt,33,0.167,37,0.159,15,0.144,50,0.142,34,0.068,39,0.056
71,C:\Users\Scott Kleinman\Desktop\EMECorpus\SecondModel\2000_word_chunks\BrutC41_80001-82000.txt,37,0.231,50,0.174,34,0.105,33,0.086,15,0.077,23,0.061,14,0.057
72,C:\Users\Scott Kleinman\Desktop\EMECorpus\SecondModel\2000_word_chunks\BrutC42_82001-84000.txt,37,0.241,50,0.180,15,0.134,33,0.062,35,0.058,14,0.057,39,0.055
73,C:\Users\Scott Kleinman\Desktop\EMECorpus\SecondModel\2000_word_chunks\BrutC43_84001-86000.txt,37,0.195,50,0.162,33,0.096,35,0.085,15,0.085,14,0.062,39,0.059,23,0.059
74,C:\Users\Scott Kleinman\Desktop\EMECorpus\SecondModel\2000_word_chunks\BrutC44_86001-88000.txt,37,0.220,50,0.167,35,0.087,15,0.087,23,0.080,33,0.075,39,0.072
75,C:\Users\Scott Kleinman\Desktop\EMECorpus\SecondModel\2000_word_chunks\BrutC45_88001-90000.txt,35,0.199,37,0.174,32,0.115,50,0.096,15,0.076,23,0.058,34,0.051
76,C:\Users\Scott Kleinman\Desktop\EMECorpus\SecondModel\2000_word_chunks\BrutC46_90001-92000.txt,37,0.209,50,0.109,35,0.105,34,0.100,15,0.090,39,0.075,23,0.075,14,0.066
77,C:\Users\Scott Kleinman\Desktop\EMECorpus\SecondModel\2000_word_chunks\BrutC47_92001-94000.txt,23,0.169,37,0.144,50,0.125,15,0.107,39,0.089,33,0.086,14,0.054
78,C:\Users\Scott Kleinman\Desktop\EMECorpus\SecondModel\2000_word_chunks\BrutC48_94001-96000.txt,37,0.152,50,0.139,23,0.138,15,0.130,39,0.090,33,0.088
79,C:\Users\Scott Kleinman\Desktop\EMECorpus\SecondModel\2000_word_chunks\BrutC49_96001-98000.txt,50,0.165,37,0.160,33,0.125,14,0.118,15,0.103,39,0.084,23,0.062
80,C:\Users\Scott Kleinman\Desktop\EMECorpus\SecondModel\2000_word_chunks\BrutC4_6001-8000.txt,30,0.263,14,0.155,37,0.120,32,0.069
81,C:\Users\Scott Kleinman\Desktop\EMECorpus\SecondModel\2000_word_chunks\BrutC50_98001-100000.txt,37,0.178,32,0.153,39,0.120,23,0.096,50,0.081,35,0.075,15,0.068,33,0.055
82,C:\Users\Scott Kleinman\Desktop\EMECorpus\SecondModel\2000_word_chunks\BrutC51_100001-102000.txt,39,0.211,50,0.168,37,0.106,23,0.092,33,0.087,34,0.084,14,0.076,6,0.061
83,C:\Users\Scott Kleinman\Desktop\EMECorpus\SecondModel\2000_word_chunks\BrutC52_102001-104000.txt,39,0.196,37,0.176,50,0.145,42,0.107,15,0.099,23,0.067,33,0.051
84,C:\Users\Scott Kleinman\Desktop\EMECorpus\SecondModel\2000_word_chunks\BrutC53_104001-106000.txt,37,0.203,39,0.152,50,0.133,14,0.106,15,0.092,33,0.081,42,0.055,23,0.052
85,C:\Users\Scott Kleinman\Desktop\EMECorpus\SecondModel\2000_word_chunks\BrutC54_106001-108000.txt,2,0.193,37,0.121,15,0.121,34,0.089,50,0.081,35,0.058,6,0.054,33,0.050
86,C:\Users\Scott Kleinman\Desktop\EMECorpus\SecondModel\2000_word_chunks\BrutC55_108001-110000.txt,39,0.129,37,0.126,2,0.125,15,0.100,14,0.100,50,0.096,34,0.070,35,0.064
87,C:\Users\Scott Kleinman\Desktop\EMECorpus\SecondModel\2000_word_chunks\BrutC56_110001-112000.txt,37,0.260,35,0.152,50,0.127,39,0.115,34,0.104
88,C:\Users\Scott Kleinman\Desktop\EMECorpus\SecondModel\2000_word_chunks\BrutC57_112001-114000.txt,37,0.258,35,0.187,50,0.105,14,0.090,39,0.084,34,0.077
89,C:\Users\Scott Kleinman\Desktop\EMECorpus\SecondModel\2000_word_chunks\BrutC58_114001-116000.txt,37,0.219,35,0.167,32,0.123,39,0.088,34,0.080,50,0.064,14,0.050
90,C:\Users\Scott Kleinman\Desktop\EMECorpus\SecondModel\2000_word_chunks\BrutC59_116001-118000.txt,37,0.170,50,0.166,39,0.096,33,0.085,15,0.072,14,0.051
91,C:\Users\Scott Kleinman\Desktop\EMECorpus\SecondModel\2000_word_chunks\BrutC5_8001-10000.txt,30,0.248,6,0.144,14,0.117,23,0.079,50,0.071
92,C:\Users\Scott Kleinman\Desktop\EMECorpus\SecondModel\2000_word_chunks\BrutC60_118001-120000.txt,37,0.152,39,0.133,50,0.124,33,0.101,23,0.094,14,0.090,6,0.053
93,C:\Users\Scott Kleinman\Desktop\EMECorpus\SecondModel\2000_word_chunks\BrutC61_120001-122000.txt,23,0.139,33,0.130,14,0.118,37,0.110,50,0.105,39,0.084,35,0.069
94,C:\Users\Scott Kleinman\Desktop\EMECorpus\SecondModel\2000_word_chunks\BrutC62_122001-124000.txt,39,0.210,50,0.136,37,0.122,33,0.112,14,0.064,34,0.054
95,C:\Users\Scott Kleinman\Desktop\EMECorpus\SecondModel\2000_word_chunks\BrutC63_124001-126000.txt,50,0.158,37,0.132,39,0.111,33,0.103,35,0.081,23,0.080,14,0.069
96,C:\Users\Scott Kleinman\Desktop\EMECorpus\SecondModel\2000_word_chunks\BrutC64_126001-128000.txt,15,0.150,50,0.144,37,0.128,33,0.111,39,0.072,18,0.062,14,0.058
97,C:\Users\Scott Kleinman\Desktop\EMECorpus\SecondModel\2000_word_chunks\BrutC65_128001-130000.txt,37,0.211,33,0.170,50,0.109,23,0.094,14,0.067,39,0.059,35,0.052
98,C:\Users\Scott Kleinman\Desktop\EMECorpus\SecondModel\2000_word_chunks\BrutC66_130001-132000.txt,37,0.164,39,0.162,33,0.124,50,0.111,23,0.108,14,0.087
99,C:\Users\Scott Kleinman\Desktop\EMECorpus\SecondModel\2000_word_chunks\BrutC67_132001-133262.txt,50,0.143,39,0.139,33,0.139,37,0.110,15,0.082,14,0.054,23,0.052
100,C:\Users\Scott Kleinman\Desktop\EMECorpus\SecondModel\2000_word_chunks\BrutC6_10001-12000.txt,33,0.183,30,0.177,6,0.125,14,0.085,23,0.058,50,0.054
101,C:\Users\Scott Kleinman\Desktop\EMECorpus\SecondModel\2000_word_chunks\BrutC7_12001-14000.txt,17,0.229,6,0.213,50,0.068,33,0.057
102,C:\Users\Scott Kleinman\Desktop\EMECorpus\SecondModel\2000_word_chunks\BrutC8_14001-16000.txt,17,0.172,6,0.162,15,0.084,14,0.074,23,0.065,33,0.061,37,0.052
103,C:\Users\Scott Kleinman\Desktop\EMECorpus\SecondModel\2000_word_chunks\BrutC9_16001-18000.txt,6,0.165,23,0.156,14,0.136,33,0.092,37,0.058
104,C:\Users\Scott Kleinman\Desktop\EMECorpus\SecondModel\2000_word_chunks\BrutO10_18001-20000.txt,20,0.280,41,0.200,43,0.189,33,0.070,24,0.060
105,C:\Users\Scott Kleinman\Desktop\EMECorpus\SecondModel\2000_word_chunks\BrutO11_20001-22000.txt,41,0.232,20,0.203,43,0.160,24,0.126,33,0.090
106,C:\Users\Scott Kleinman\Desktop\EMECorpus\SecondModel\2000_word_chunks\BrutO12_22001-24000.txt,43,0.209,20,0.184,33,0.170,24,0.118,41,0.100
107,C:\Users\Scott Kleinman\Desktop\EMECorpus\SecondModel\2000_word_chunks\BrutO13_24001-26000.txt,20,0.340,33,0.173,43,0.148,41,0.140,24,0.070
108,C:\Users\Scott Kleinman\Desktop\EMECorpus\SecondModel\2000_word_chunks\BrutO14_26001-28000.txt,41,0.235,20,0.169,24,0.153,43,0.128,32,0.111,33,0.100
109,C:\Users\Scott Kleinman\Desktop\EMECorpus\SecondModel\2000_word_chunks\BrutO15_28001-30000.txt,41,0.265,24,0.217,20,0.145,33,0.082,32,0.065
110,C:\Users\Scott Kleinman\Desktop\EMECorpus\SecondModel\2000_word_chunks\BrutO16_30001-32000.txt,41,0.260,20,0.150,24,0.134,43,0.124,33,0.115
111,C:\Users\Scott Kleinman\Desktop\EMECorpus\SecondModel\2000_word_chunks\BrutO17_32001-34000.txt,41,0.257,24,0.168,20,0.156,33,0.131,43,0.100
112,C:\Users\Scott Kleinman\Desktop\EMECorpus\SecondModel\2000_word_chunks\BrutO18_34001-36000.txt,41,0.219,20,0.208,33,0.180,43,0.140,24,0.086
113,C:\Users\Scott Kleinman\Desktop\EMECorpus\SecondModel\2000_word_chunks\BrutO19_36001-38000.txt,41,0.218,33,0.209,24,0.176,43,0.148,20,0.140
114,C:\Users\Scott Kleinman\Desktop\EMECorpus\SecondModel\2000_word_chunks\BrutO1_1-2000.txt,20,0.189,43,0.159,33,0.132,24,0.121,40,0.111
115,C:\Users\Scott Kleinman\Desktop\EMECorpus\SecondModel\2000_word_chunks\BrutO20_38001-40000.txt,41,0.216,20,0.195,33,0.161,43,0.131,24,0.102,17,0.063
116,C:\Users\Scott Kleinman\Desktop\EMECorpus\SecondModel\2000_word_chunks\BrutO21_40001-42000.txt,33,0.213,41,0.199,24,0.150,43,0.137,20,0.115,34,0.089
117,C:\Users\Scott Kleinman\Desktop\EMECorpus\SecondModel\2000_word_chunks\BrutO22_42001-44000.txt,41,0.275,24,0.233,33,0.133,20,0.115,43,0.071,34,0.068
118,C:\Users\Scott Kleinman\Desktop\EMECorpus\SecondModel\2000_word_chunks\BrutO23_44001-46000.txt,41,0.305,33,0.138,20,0.134,18,0.125,43,0.110,24,0.054
119,C:\Users\Scott Kleinman\Desktop\EMECorpus\SecondModel\2000_word_chunks\BrutO24_46001-48000.txt,41,0.352,33,0.155,20,0.142,43,0.113,24,0.060
120,C:\Users\Scott Kleinman\Desktop\EMECorpus\SecondModel\2000_word_chunks\BrutO25_48001-50000.txt,41,0.264,33,0.180,20,0.162,43,0.097,24,0.091,17,0.077
121,C:\Users\Scott Kleinman\Desktop\EMECorpus\SecondModel\2000_word_chunks\BrutO26_50001-52000.txt,41,0.341,20,0.125,43,0.123,33,0.120,17,0.078,24,0.065
122,C:\Users\Scott Kleinman\Desktop\EMECorpus\SecondModel\2000_word_chunks\BrutO27_52001-54000.txt,41,0.321,4,0.184,20,0.132,24,0.080,33,0.077
123,C:\Users\Scott Kleinman\Desktop\EMECorpus\SecondModel\2000_word_chunks\BrutO28_54001-56000.txt,41,0.409,20,0.139,33,0.082,24,0.075,43,0.061
124,C:\Users\Scott Kleinman\Desktop\EMECorpus\SecondModel\2000_word_chunks\BrutO29_56001-58000.txt,41,0.372,20,0.175,33,0.133,43,0.106
125,C:\Users\Scott Kleinman\Desktop\EMECorpus\SecondModel\2000_word_chunks\BrutO2_2001-4000.txt,43,0.243,20,0.138,33,0.092,24,0.082,41,0.066,30,0.065,28,0.064,22,0.058
126,C:\Users\Scott Kleinman\Desktop\EMECorpus\SecondModel\2000_word_chunks\BrutO30_58001-60000.txt,41,0.370,20,0.117,33,0.107,43,0.100,34,0.074,24,0.069
127,C:\Users\Scott Kleinman\Desktop\EMECorpus\SecondModel\2000_word_chunks\BrutO31_60001-62000.txt,41,0.331,33,0.203,20,0.136,43,0.064,24,0.063
128,C:\Users\Scott Kleinman\Desktop\EMECorpus\SecondModel\2000_word_chunks\BrutO32_62001-64000.txt,41,0.356,20,0.142,34,0.127,33,0.083,24,0.083,43,0.059
129,C:\Users\Scott Kleinman\Desktop\EMECorpus\SecondModel\2000_word_chunks\BrutO33_64001-66000.txt,41,0.406,20,0.173,33,0.109,43,0.105,34,0.058
130,C:\Users\Scott Kleinman\Desktop\EMECorpus\SecondModel\2000_word_chunks\BrutO34_66001-68000.txt,41,0.433,33,0.122,20,0.108,24,0.095,43,0.058
131,C:\Users\Scott Kleinman\Desktop\EMECorpus\SecondModel\2000_word_chunks\BrutO35_68001-70000.txt,41,0.349,32,0.158,20,0.120,24,0.096
132,C:\Users\Scott Kleinman\Desktop\EMECorpus\SecondModel\2000_word_chunks\BrutO36_70001-72000.txt,41,0.327,20,0.178,34,0.139,33,0.086,43,0.061,24,0.061
133,C:\Users\Scott Kleinman\Desktop\EMECorpus\SecondModel\2000_word_chunks\BrutO37_72001-74000.txt,41,0.327,20,0.190,33,0.189,43,0.070,24,0.064
134,C:\Users\Scott Kleinman\Desktop\EMECorpus\SecondModel\2000_word_chunks\BrutO38_74001-76000.txt,41,0.361,20,0.164,33,0.129,43,0.072,42,0.060
135,C:\Users\Scott Kleinman\Desktop\EMECorpus\SecondModel\2000_word_chunks\BrutO39_76001-78000.txt,41,0.383,20,0.166,32,0.139,33,0.107
136,C:\Users\Scott Kleinman\Desktop\EMECorpus\SecondModel\2000_word_chunks\BrutO3_4001-6000.txt,43,0.224,20,0.172,41,0.123,24,0.116,33,0.094,30,0.063
137,C:\Users\Scott Kleinman\Desktop\EMECorpus\SecondModel\2000_word_chunks\BrutO40_78001-80000.txt,20,0.314,41,0.288,33,0.099,34,0.085,32,0.060
138,C:\Users\Scott Kleinman\Desktop\EMECorpus\SecondModel\2000_word_chunks\BrutO41_80001-82000.txt,41,0.372,20,0.157,33,0.102,42,0.095,24,0.084,43,0.060
139,C:\Users\Scott Kleinman\Desktop\EMECorpus\SecondModel\2000_word_chunks\BrutO42_82001-84000.txt,41,0.389,20,0.162,33,0.103,42,0.059,24,0.057,34,0.055,43,0.051
140,C:\Users\Scott Kleinman\Desktop\EMECorpus\SecondModel\2000_word_chunks\BrutO43_84001-86000.txt,41,0.303,2,0.256,20,0.125,34,0.099
141,C:\Users\Scott Kleinman\Desktop\EMECorpus\SecondModel\2000_word_chunks\BrutO44_86001-88000.txt,41,0.382,34,0.143,20,0.139,24,0.065
142,C:\Users\Scott Kleinman\Desktop\EMECorpus\SecondModel\2000_word_chunks\BrutO45_88001-90000.txt,41,0.442,34,0.119,20,0.109,24,0.064,32,0.063
143,C:\Users\Scott Kleinman\Desktop\EMECorpus\SecondModel\2000_word_chunks\BrutO46_90001-92000.txt,41,0.365,20,0.115,34,0.080,43,0.076,33,0.075,32,0.068,42,0.050
144,C:\Users\Scott Kleinman\Desktop\EMECorpus\SecondModel\2000_word_chunks\BrutO47_92001-94000.txt,41,0.358,20,0.179,33,0.137,43,0.079,24,0.071
145,C:\Users\Scott Kleinman\Desktop\EMECorpus\SecondModel\2000_word_chunks\BrutO48_94001-96000.txt,41,0.295,20,0.166,33,0.143,43,0.096,34,0.069
146,C:\Users\Scott Kleinman\Desktop\EMECorpus\SecondModel\2000_word_chunks\BrutO49_96001-97729.txt,41,0.293,20,0.228,33,0.170,43,0.070,24,0.058
147,C:\Users\Scott Kleinman\Desktop\EMECorpus\SecondModel\2000_word_chunks\BrutO4_6001-8000.txt,20,0.317,43,0.196,33,0.076,32,0.068,30,0.067,24,0.060
148,C:\Users\Scott Kleinman\Desktop\EMECorpus\SecondModel\2000_word_chunks\BrutO5_8001-10000.txt,20,0.252,43,0.224,33,0.162,17,0.064,24,0.063,41,0.058
149,C:\Users\Scott Kleinman\Desktop\EMECorpus\SecondModel\2000_word_chunks\BrutO6_10001-12000.txt,43,0.234,17,0.210,20,0.160,33,0.097,24,0.091,41,0.057
150,C:\Users\Scott Kleinman\Desktop\EMECorpus\SecondModel\2000_word_chunks\BrutO7_12001-14000.txt,43,0.271,17,0.159,20,0.156,33,0.131,24,0.115,41,0.084
151,C:\Users\Scott Kleinman\Desktop\EMECorpus\SecondModel\2000_word_chunks\BrutO8_14001-16000.txt,20,0.244,43,0.240,33,0.135,41,0.128,24,0.100
152,C:\Users\Scott Kleinman\Desktop\EMECorpus\SecondModel\2000_word_chunks\BrutO9_16001-18000.txt,43,0.266,33,0.188,20,0.146,41,0.118,24,0.098
153,C:\Users\Scott Kleinman\Desktop\EMECorpus\SecondModel\2000_word_chunks\HaliMeidhadB1_1-2000.txt,9,0.322,27,0.271,10,0.114
154,C:\Users\Scott Kleinman\Desktop\EMECorpus\SecondModel\2000_word_chunks\HaliMeidhadB2_2001-4000.txt,9,0.330,27,0.243,10,0.081,44,0.070,3,0.054
155,C:\Users\Scott Kleinman\Desktop\EMECorpus\SecondModel\2000_word_chunks\HaliMeidhadB3_4001-6000.txt,9,0.274,27,0.247,10,0.208
156,C:\Users\Scott Kleinman\Desktop\EMECorpus\SecondModel\2000_word_chunks\HaliMeidhadB4_6001-8857.txt,27,0.339,9,0.288,10,0.093,5,0.057
157,C:\Users\Scott Kleinman\Desktop\EMECorpus\SecondModel\2000_word_chunks\InfancyOfChrist1_1-2000.txt,1,0.499,19,0.268
158,C:\Users\Scott Kleinman\Desktop\EMECorpus\SecondModel\2000_word_chunks\InfancyOfChrist2_2001-4000.txt,1,0.534,19,0.285
159,C:\Users\Scott Kleinman\Desktop\EMECorpus\SecondModel\2000_word_chunks\InfancyOfChrist3_4001-6000.txt,1,0.508,19,0.323
160,C:\Users\Scott Kleinman\Desktop\EMECorpus\SecondModel\2000_word_chunks\InfancyOfChrist4_6001-8000.txt,1,0.522,19,0.313
161,C:\Users\Scott Kleinman\Desktop\EMECorpus\SecondModel\2000_word_chunks\InfancyOfChrist5_8001-10000.txt,1,0.476,19,0.307
162,C:\Users\Scott Kleinman\Desktop\EMECorpus\SecondModel\2000_word_chunks\InfancyOfChrist6_10001-12000.txt,1,0.510,19,0.336
163,C:\Users\Scott Kleinman\Desktop\EMECorpus\SecondModel\2000_word_chunks\InfancyOfChrist7_12001-13021.txt,19,0.396,1,0.389,18,0.061
164,C:\Users\Scott Kleinman\Desktop\EMECorpus\SecondModel\2000_word_chunks\JulianaB1_1-2000.txt,9,0.334,27,0.150,10,0.097,3,0.062,48,0.054
165,C:\Users\Scott Kleinman\Desktop\EMECorpus\SecondModel\2000_word_chunks\JulianaB2_2001-4000.txt,9,0.305,10,0.163,27,0.145,3,0.051
166,C:\Users\Scott Kleinman\Desktop\EMECorpus\SecondModel\2000_word_chunks\JulianaB3_4001-6000.txt,9,0.280,10,0.156,27,0.106,3,0.053
167,C:\Users\Scott Kleinman\Desktop\EMECorpus\SecondModel\2000_word_chunks\JulianaB4_6001-7172.txt,9,0.317,10,0.120,27,0.088
168,C:\Users\Scott Kleinman\Desktop\EMECorpus\SecondModel\2000_word_chunks\KentishSermons1_1-2000.txt,8,0.774
169,C:\Users\Scott Kleinman\Desktop\EMECorpus\SecondModel\2000_word_chunks\KentishSermons2_2001-3280.txt,8,0.740
170,C:\Users\Scott Kleinman\Desktop\EMECorpus\SecondModel\2000_word_chunks\KingHornL1_1-2000.txt,29,0.580,1,0.077,28,0.060
171,C:\Users\Scott Kleinman\Desktop\EMECorpus\SecondModel\2000_word_chunks\KingHornL2_2001-4000.txt,29,0.682,28,0.063
172,C:\Users\Scott Kleinman\Desktop\EMECorpus\SecondModel\2000_word_chunks\KingHornL3_4001-6000.txt,29,0.677,28,0.050
173,C:\Users\Scott Kleinman\Desktop\EMECorpus\SecondModel\2000_word_chunks\KingHornL4_6001-7487.txt,29,0.618,19,0.051
174,C:\Users\Scott Kleinman\Desktop\EMECorpus\SecondModel\2000_word_chunks\LambethHom1_1-2000.txt,31,0.456,5,0.092,11,0.081
175,C:\Users\Scott Kleinman\Desktop\EMECorpus\SecondModel\2000_word_chunks\LambethHom2_2001-4000.txt,31,0.456,5,0.202
176,C:\Users\Scott Kleinman\Desktop\EMECorpus\SecondModel\2000_word_chunks\LambethHom3_4001-6000.txt,31,0.346,5,0.170,11,0.079
177,C:\Users\Scott Kleinman\Desktop\EMECorpus\SecondModel\2000_word_chunks\LambethHom4_6001-8000.txt,31,0.326,11,0.123,5,0.107,16,0.052
178,C:\Users\Scott Kleinman\Desktop\EMECorpus\SecondModel\2000_word_chunks\LambethHom5_8001-10000.txt,31,0.446,11,0.119,5,0.068
179,C:\Users\Scott Kleinman\Desktop\EMECorpus\SecondModel\2000_word_chunks\LambethHom6_10001-12000.txt,31,0.458,5,0.104,11,0.081
180,C:\Users\Scott Kleinman\Desktop\EMECorpus\SecondModel\2000_word_chunks\LambethHom7_12001-14576.txt,31,0.330,5,0.215,11,0.097,36,0.095
181,C:\Users\Scott Kleinman\Desktop\EMECorpus\SecondModel\2000_word_chunks\LifeChrist1_1-2000.txt,19,0.495,22,0.246,1,0.068
182,C:\Users\Scott Kleinman\Desktop\EMECorpus\SecondModel\2000_word_chunks\LifeChrist2_2001-4000.txt,19,0.570,22,0.181
183,C:\Users\Scott Kleinman\Desktop\EMECorpus\SecondModel\2000_word_chunks\LifeChrist3_4001-6000.txt,19,0.532,22,0.273
184,C:\Users\Scott Kleinman\Desktop\EMECorpus\SecondModel\2000_word_chunks\LifeChrist4_6001-8000.txt,19,0.573,22,0.181,1,0.056
185,C:\Users\Scott Kleinman\Desktop\EMECorpus\SecondModel\2000_word_chunks\LifeChrist5_8001-10000.txt,19,0.545,22,0.243,1,0.061
186,C:\Users\Scott Kleinman\Desktop\EMECorpus\SecondModel\2000_word_chunks\LifeChrist6_10001-11000.txt,19,0.444,22,0.245,1,0.092
187,C:\Users\Scott Kleinman\Desktop\EMECorpus\SecondModel\2000_word_chunks\LutelSothSermonC1_1-420.txt,28,0.800,48,0.200
188,C:\Users\Scott Kleinman\Desktop\EMECorpus\SecondModel\2000_word_chunks\LuueRon1_1-1278.txt,7,0.345,49,0.141,5,0.089,28,0.051
189,C:\Users\Scott Kleinman\Desktop\EMECorpus\SecondModel\2000_word_chunks\OwlNightingaleC1_1-2000.txt,13,0.663,28,0.097
190,C:\Users\Scott Kleinman\Desktop\EMECorpus\SecondModel\2000_word_chunks\OwlNightingaleC2_2001-4000.txt,13,0.589,28,0.098
191,C:\Users\Scott Kleinman\Desktop\EMECorpus\SecondModel\2000_word_chunks\OwlNightingaleC3_4001-6000.txt,13,0.503,42,0.056,11,0.051
192,C:\Users\Scott Kleinman\Desktop\EMECorpus\SecondModel\2000_word_chunks\OwlNightingaleC4_6001-8000.txt,13,0.443,7,0.081,28,0.064
193,C:\Users\Scott Kleinman\Desktop\EMECorpus\SecondModel\2000_word_chunks\OwlNightingaleC5_8001-10803.txt,13,0.336,28,0.097,7,0.090,18,0.081,42,0.064,24,0.051
194,C:\Users\Scott Kleinman\Desktop\EMECorpus\SecondModel\2000_word_chunks\PassionOfOurLord1_1-2000.txt,49,0.546,7,0.123,22,0.110
195,C:\Users\Scott Kleinman\Desktop\EMECorpus\SecondModel\2000_word_chunks\PassionOfOurLord2_2001-4000.txt,49,0.623,22,0.130,7,0.068
196,C:\Users\Scott Kleinman\Desktop\EMECorpus\SecondModel\2000_word_chunks\PassionOfOurLord3_4001-6059.txt,49,0.544,22,0.114,7,0.112
197,C:\Users\Scott Kleinman\Desktop\EMECorpus\SecondModel\2000_word_chunks\PoemaMoraleJ1_1-2000.txt,7,0.518,5,0.107
198,C:\Users\Scott Kleinman\Desktop\EMECorpus\SecondModel\2000_word_chunks\PoemaMoraleJ2_2001-3964.txt,7,0.480,5,0.122,22,0.052
199,C:\Users\Scott Kleinman\Desktop\EMECorpus\SecondModel\2000_word_chunks\ProverbsAlfredJ1_1-1846.txt,7,0.375,49,0.127,5,0.102,28,0.066
200,C:\Users\Scott Kleinman\Desktop\EMECorpus\SecondModel\2000_word_chunks\ReligiousPoemsCaligula1_1-2200.txt,7,0.153,5,0.118,25,0.113,13,0.053,38,0.052,42,0.051,11,0.051
201,C:\Users\Scott Kleinman\Desktop\EMECorpus\SecondModel\2000_word_chunks\ReligiousPoemsJesus291_1-2000.txt,7,0.368,49,0.175,5,0.127,25,0.054
202,C:\Users\Scott Kleinman\Desktop\EMECorpus\SecondModel\2000_word_chunks\ReligiousPoemsJesus292_2001-4000.txt,7,0.305,49,0.247,22,0.082
203,C:\Users\Scott Kleinman\Desktop\EMECorpus\SecondModel\2000_word_chunks\ReligiousPoemsJesus293_4001-6586.txt,7,0.276,49,0.172,25,0.131,22,0.062,5,0.057
204,C:\Users\Scott Kleinman\Desktop\EMECorpus\SecondModel\2000_word_chunks\SawlesWardeB1_1-2000.txt,9,0.260,27,0.188,5,0.091,3,0.086,44,0.084,10,0.079
205,C:\Users\Scott Kleinman\Desktop\EMECorpus\SecondModel\2000_word_chunks\SawlesWardeB2_2001-4852.txt,9,0.286,27,0.255,10,0.140,12,0.056,11,0.055,44,0.053
206,C:\Users\Scott Kleinman\Desktop\EMECorpus\SecondModel\2000_word_chunks\SayingsBernardL1_1-1101.txt,19,0.213,38,0.197,1,0.137,25,0.095
207,C:\Users\Scott Kleinman\Desktop\EMECorpus\SecondModel\2000_word_chunks\TrinityHomilies10_18001-20000.txt,16,0.555,21,0.175,11,0.098
208,C:\Users\Scott Kleinman\Desktop\EMECorpus\SecondModel\2000_word_chunks\TrinityHomilies11_20001-22000.txt,16,0.368,21,0.280,11,0.098
209,C:\Users\Scott Kleinman\Desktop\EMECorpus\SecondModel\2000_word_chunks\TrinityHomilies12_22001-24000.txt,16,0.313,36,0.212,21,0.196,11,0.135
210,C:\Users\Scott Kleinman\Desktop\EMECorpus\SecondModel\2000_word_chunks\TrinityHomilies13_24001-26000.txt,21,0.278,16,0.268,11,0.137,36,0.060
211,C:\Users\Scott Kleinman\Desktop\EMECorpus\SecondModel\2000_word_chunks\TrinityHomilies14_26001-28000.txt,16,0.246,21,0.240,11,0.142,36,0.075
212,C:\Users\Scott Kleinman\Desktop\EMECorpus\SecondModel\2000_word_chunks\TrinityHomilies15_28001-30000.txt,21,0.254,36,0.243,16,0.164,11,0.087
213,C:\Users\Scott Kleinman\Desktop\EMECorpus\SecondModel\2000_word_chunks\TrinityHomilies16_30001-32898.txt,36,0.372,21,0.231,16,0.146,11,0.093
214,C:\Users\Scott Kleinman\Desktop\EMECorpus\SecondModel\2000_word_chunks\TrinityHomilies1_1-2000.txt,21,0.342,16,0.270,11,0.150
215,C:\Users\Scott Kleinman\Desktop\EMECorpus\SecondModel\2000_word_chunks\TrinityHomilies2_2001-4000.txt,16,0.342,21,0.202,11,0.150,22,0.063
216,C:\Users\Scott Kleinman\Desktop\EMECorpus\SecondModel\2000_word_chunks\TrinityHomilies3_4001-6000.txt,21,0.320,16,0.200,11,0.107,22,0.051
217,C:\Users\Scott Kleinman\Desktop\EMECorpus\SecondModel\2000_word_chunks\TrinityHomilies4_6001-8000.txt,21,0.312,16,0.297,11,0.123
218,C:\Users\Scott Kleinman\Desktop\EMECorpus\SecondModel\2000_word_chunks\TrinityHomilies5_8001-10000.txt,21,0.543,11,0.185,16,0.099
219,C:\Users\Scott Kleinman\Desktop\EMECorpus\SecondModel\2000_word_chunks\TrinityHomilies6_10001-12000.txt,21,0.604,11,0.141,16,0.094
220,C:\Users\Scott Kleinman\Desktop\EMECorpus\SecondModel\2000_word_chunks\TrinityHomilies7_12001-14000.txt,21,0.419,16,0.211,11,0.151
221,C:\Users\Scott Kleinman\Desktop\EMECorpus\SecondModel\2000_word_chunks\TrinityHomilies8_14001-16000.txt,21,0.448,16,0.292,11,0.099
222,C:\Users\Scott Kleinman\Desktop\EMECorpus\SecondModel\2000_word_chunks\TrinityHomilies9_16001-18000.txt,16,0.462,21,0.237,11,0.098
223,C:\Users\Scott Kleinman\Desktop\EMECorpus\SecondModel\2000_word_chunks\VicesAndVirtues10_18001-20000.txt,46,0.636,47,0.103
224,C:\Users\Scott Kleinman\Desktop\EMECorpus\SecondModel\2000_word_chunks\VicesAndVirtues11_20001-22000.txt,46,0.524,47,0.233,11,0.062
225,C:\Users\Scott Kleinman\Desktop\EMECorpus\SecondModel\2000_word_chunks\VicesAndVirtues12_22001-24000.txt,47,0.450,46,0.385
226,C:\Users\Scott Kleinman\Desktop\EMECorpus\SecondModel\2000_word_chunks\VicesAndVirtues13_24001-26158.txt,47,0.462,46,0.309
227,C:\Users\Scott Kleinman\Desktop\EMECorpus\SecondModel\2000_word_chunks\VicesAndVirtues1_1-2000.txt,46,0.501,47,0.278
228,C:\Users\Scott Kleinman\Desktop\EMECorpus\SecondModel\2000_word_chunks\VicesAndVirtues2_2001-4000.txt,46,0.445,47,0.272,11,0.088
229,C:\Users\Scott Kleinman\Desktop\EMECorpus\SecondModel\2000_word_chunks\VicesAndVirtues3_4001-6000.txt,46,0.566,47,0.206
230,C:\Users\Scott Kleinman\Desktop\EMECorpus\SecondModel\2000_word_chunks\VicesAndVirtues4_6001-8000.txt,46,0.594,47,0.219
231,C:\Users\Scott Kleinman\Desktop\EMECorpus\SecondModel\2000_word_chunks\VicesAndVirtues5_8001-10000.txt,46,0.547,47,0.261
232,C:\Users\Scott Kleinman\Desktop\EMECorpus\SecondModel\2000_word_chunks\VicesAndVirtues6_10001-12000.txt,46,0.586,47,0.194
233,C:\Users\Scott Kleinman\Desktop\EMECorpus\SecondModel\2000_word_chunks\VicesAndVirtues7_12001-14000.txt,46,0.624,47,0.125,11,0.063
234,C:\Users\Scott Kleinman\Desktop\EMECorpus\SecondModel\2000_word_chunks\VicesAndVirtues8_14001-16000.txt,46,0.570,47,0.178
235,C:\Users\Scott Kleinman\Desktop\EMECorpus\SecondModel\2000_word_chunks\VicesAndVirtues9_16001-18000.txt,46,0.618,47,0.113,11,0.064
236,C:\Users\Scott Kleinman\Desktop\EMECorpus\SecondModel\2000_word_chunks\VisionPaulL1_1-1438.txt,1,0.310,25,0.219,19,0.202,38,0.092
237,C:\Users\Scott Kleinman\Desktop\EMECorpus\SecondModel\2000_word_chunks\WohungeT1_1-2000.txt,48,0.619,10,0.070,27,0.069
238,C:\Users\Scott Kleinman\Desktop\EMECorpus\SecondModel\2000_word_chunks\WohungeT2_2001-3924.txt,48,0.572,27,0.106
